"SpeNumeroOrdine"|"SpeNumeroProtocollo"|"SpeEtichettaCollo"|"SpeTrackingNumero"|"SpeDataImport"|"SpeRigaOrdine"|"SpeArtCodice"|"SpeArtDescrizione"|"SpeArtQta"|"SpeCostoContrassegno"
"#26863"|"24470317"|"00000000000000260979"|"201705005128177"|"20170328"|"1"|"RB3A008938"|"TYRRELL KATZ-Ciotola Giungla"|"0000000001"|"0000030.72"
"#26863"|"24470317"|"00000000000000260979"|"201705005128177"|"20170328"|"2"|"RB3A008913"|"TYRRELL KATZ-Snack Boxes motori"|"0000000001"|"0000030.72"
"#26862"|"24471317"|"00000000000000260919"|"201705005128589"|"20170328"|"1"|"RB20012T"|"Duux-DUBP02-Proiettore per Bambini Bluetooth"|"0000000001"|"0000052.76"
"#26859"|"24472317"|"00000000000000261549"|"201705005128650"|"20170328"|"1"|"RB3A014022"|"NIKE-454478-PICO 4 (TDV) ROSA 5C-EU21"|"0000000001"|"0000033.80"
"#26857"|"24473317"|"00000000000000261609"|"201705005128874"|"20170328"|"1"|"RB3A014985"|"AQUASCALE-84231090-Vaschetta digitale con bilancia incorporata"|"0000000001"|"0000094.40"
"#26856"|"24474317"|"00000000000000261619"|"201705005128875"|"20170328"|"1"|"RB3A014985"|"AQUASCALE-84231090-Vaschetta digitale con bilancia incorporata"|"0000000001"|"0000094.40"
"#26854"|"24475317"|"00000000000000261379"|"201705005128262"|"20170328"|"1"|"RB3A012483"|"ZOLI-ZL-BC15CGPW02-Chubby Gummy rosa e bianco"|"0000000001"|"0000022.86"
"#26851"|"24476317"|"00000000000000261639"|"201705005128878"|"20170328"|"1"|"RB3A014985"|"AQUASCALE-84231090-Vaschetta digitale con bilancia incorporata"|"0000000001"|"0000094.40"
"#26836"|"24477317"|"00000000000000261569"|"201705005128672"|"20170328"|"1"|"RB3A014098"|"NIKE-454501-PICO 4 (TDV) NERA 5C-EU21"|"0000000001"|"0000033.80"
"#26818"|"24478317"|"00000000000000261559"|"201705005128660"|"20170328"|"1"|"RB3A014096"|"NIKE-454501-PICO 4 (TDV) NERA 4C-EU19.5"|"0000000001"|"0000033.80"
"#26804"|"24479317"|"00000000000000261819"|"201705005128890"|"20170328"|"1"|"RB3A017755"|"YOOKIDOO-YKD40126-Gymotion Activity PlayLand"|"0000000001"|"0000109.46"
"#26494A"|"24480317"|"00000000000000261429"|"201705005128745"|"20170328"|"1"|"RB3A012562"|"ELODIE DETAILS-103365-Cappellino Gilded Grey 1-2 anni"|"0000000001"|"0000021.96"
"#26583"|"24481317"|"00000000000000262119"|"201705005128535"|"20170328"|"1"|"RB3A018643"|"MIMIJUMI-85306400202-Biberon Mimijumi Piccolo 120 ml"|"0000000001"|"0000026.86"
"#26506"|"24482317"|"00000000000000261139"|"201705005128448"|"20170328"|"1"|"RB3A009731"|"HOBEA-4260329478720-Cuscino da allattamento Rosa con Gufetti"|"0000000001"|"0000041.00"
"#26462"|"24483317"|"00000000000000261259"|"201705005128361"|"20170328"|"1"|"RB3A010943"|"KUK-MS003-Occhiali da Sole Minisquids Blu"|"0000000001"|"0000036.86"
"#26449"|"24484317"|"00000000000000261679"|"201705005128671"|"20170328"|"1"|"RB3A015742"|"IIAMO-703-Cartucce termiche per biberon autoriscaldante"|"0000000001"|"0000067.63"
"#26449"|"24484317"|"00000000000000261679"|"201705005128671"|"20170328"|"2"|"RB3A015738"|"IIAMO-105-Biberon Go bianco e rosa"|"0000000001"|"0000067.63"
"#26449"|"24484317"|"00000000000000261679"|"201705005128671"|"20170328"|"3"|"RB3A017793"|"A LITTLE LOVELY COMPANY-LTMI056-Mini milk light Pink"|"0000000001"|"0000067.63"
"#26449"|"24484317"|"00000000000000261679"|"201705005128671"|"20170328"|"4"|"RB3A018643"|"MIMIJUMI-85306400202-Biberon Mimijumi Piccolo 120 ml"|"0000000001"|"0000067.63"
"#26431"|"24485317"|"00000000000000261119"|"201705005128402"|"20170328"|"1"|"RB3A018678"|"NEW BALANCE-NBFS996ALI-Scarpa New Balance Kids Lifestyle in Tessuto Sintetico Azzurro-6"|"0000000001"|"0000170.74"
"#26431"|"24485317"|"00000000000000261119"|"201705005128402"|"20170328"|"2"|"RB3A018685"|"NEW BALANCE-NBFS996ASI-Scarpa New Balance Kids Lifestyle in Tessuto Sintetico Beige-6"|"0000000001"|"0000170.74"
"#26431"|"24485317"|"00000000000000261119"|"201705005128402"|"20170328"|"3"|"RB3A009662"|"HOBEA-4260329477440-Babbucce Blu 6-12 Mesi"|"0000000002"|"0000170.74"
"#26397"|"24486317"|"00000000000000260969"|"201705005128474"|"20170328"|"1"|"RB3A012798"|"TELLKIDDO-82-Sacco Portaoggetti Paper ABC"|"0000000001"|"0000337.18"
"#26397"|"24486317"|"00000000000000260969"|"201705005128474"|"20170328"|"10"|"RB3A017839"|"TYRRELL KATZ-04CT-Monsters Compartment Tray"|"0000000001"|"0000337.18"
"#26397"|"24486317"|"00000000000000260969"|"201705005128474"|"20170328"|"11"|"RB3A015604"|"ME1ST-HMTK BLACK/RED-Babbucce da casa nero e rosso Mini Me 23/24"|"0000000001"|"0000337.18"
"#26397"|"24486317"|"00000000000000260969"|"201705005128474"|"20170328"|"12"|"RB3A015496"|"ME1ST-HMTK GREY/GREEN-Babbucce grigio e verde 23/24"|"0000000001"|"0000337.18"
"#26397"|"24486317"|"00000000000000260969"|"201705005128474"|"20170328"|"2"|"RB3A012803"|"TELLKIDDO-76-Sacco Portaoggetti Canvas ABC"|"0000000001"|"0000337.18"
"#26397"|"24486317"|"00000000000000260969"|"201705005128474"|"20170328"|"3"|"RB3A009365"|"ELODIE DETAILS-103898-Ciuccio Silver Edition"|"0000000001"|"0000337.18"
"#26397"|"24486317"|"00000000000000260969"|"201705005128474"|"20170328"|"4"|"RB3A009394"|"ELODIE DETAILS-103139-Cordoncino Ciuccio - Scritta Baby"|"0000000001"|"0000337.18"
"#26397"|"24486317"|"00000000000000260969"|"201705005128474"|"20170328"|"5"|"RB3A018492"|"GLOBBER-IDD455-100-Monopattino Evo 5 in 1 - Blu Scuro"|"0000000001"|"0000337.18"
"#26397"|"24486317"|"00000000000000260969"|"201705005128474"|"20170328"|"6"|"RB3A015743"|"IIAMO-301-Tettarella biberon autoriscaldante da 0 mesi"|"0000000001"|"0000337.18"
"#26397"|"24486317"|"00000000000000260969"|"201705005128474"|"20170328"|"7"|"RB3A015737"|"IIAMO-604-Biberon Home bianco e blu"|"0000000001"|"0000337.18"
"#26397"|"24486317"|"00000000000000260969"|"201705005128474"|"20170328"|"8"|"RB3A018640"|"LITTLELIFE-L10880-Zaino Littlelife 1-3 anni Coccodrillo"|"0000000001"|"0000337.18"
"#26397"|"24486317"|"00000000000000260969"|"201705005128474"|"20170328"|"9"|"RB3A008904"|"TYRRELL KATZ-Lunch Box dinosauri"|"0000000001"|"0000337.18"
"#26379"|"24487317"|"00000000000000261309"|"201705005128323"|"20170328"|"1"|"RB3A011909"|"KANGA CARE-KC-KRRUMPSOS-P125-Pannolino Rumparooz Limited Edition TokiCorno"|"0000000001"|"0000113.21"
"#26379"|"24487317"|"00000000000000261309"|"201705005128323"|"20170328"|"2"|"RBAJ201510070002"|"ELODIE DETAILS-103899-Ciuccio Oro"|"0000000001"|"0000113.21"
"#26379"|"24487317"|"00000000000000261309"|"201705005128323"|"20170328"|"3"|"RB3A018568"|"LIMOBASICS-54526R_VIN_50-56-Pagliaccetto Limobasics Rosa Vintage-50-56 cm"|"0000000001"|"0000113.21"
"#26379"|"24487317"|"00000000000000261309"|"201705005128323"|"20170328"|"4"|"RB3A013588"|"BLADEeROSE-5060257460045-Leggings Cupcake 0-6m"|"0000000001"|"0000113.21"
"#26363"|"24488317"|"00000000000000261469"|"201705005128799"|"20170328"|"1"|"RB3A018157"|"ELODIE DETAILS-103423-BAVAGLINO CON SACCHETTA POWDER PINK"|"0000000001"|"0000102.13"
"#26363"|"24488317"|"00000000000000261469"|"201705005128799"|"20170328"|"2"|"RB3A018163"|"ELODIE DETAILS-103354-CAPPELLINO IN COTONE PRETTY PETROL-2-3 Anni"|"0000000001"|"0000102.13"
"#26363"|"24488317"|"00000000000000261469"|"201705005128799"|"20170328"|"3"|"RB3A013465"|"ELODIE DETAILS-103362-Cappellino Gilded Pink 24-36m"|"0000000001"|"0000102.13"
"#26363"|"24488317"|"00000000000000261469"|"201705005128799"|"20170328"|"4"|"RB3A015769"|"FCTRY-GLSTA29-Occhiali da sole Polarizzati Baby Tartaruga 0-2 anni"|"0000000001"|"0000102.13"
"#26363"|"24488317"|"00000000000000261469"|"201705005128799"|"20170328"|"5"|"RB3A014012"|"BLADEeROSE-5060257465934-Leggings Zap! (Atol) 2-3y"|"0000000001"|"0000102.13"
"#26354"|"24489317"|"00000000000000260949"|"201705005128064"|"20170328"|"1"|"RB3A014883"|"ROCKETBABY-RBP16346-Sacco Nanna Balena Blu Oceano"|"0000000001"|"0000084.64"
"#26354"|"24489317"|"00000000000000260949"|"201705005128064"|"20170328"|"2"|"RB3A007881"|"LIMOBASICS-09509R_GRO_50-56-Culotte Grigio Scuro Gro"|"0000000001"|"0000084.64"
"#26354"|"24489317"|"00000000000000260949"|"201705005128064"|"20170328"|"3"|"RB3A007848"|"LIMOBASICS-09509R_AZM_50-56-Culotte Blu Navy Azm"|"0000000002"|"0000084.64"
"#26348"|"24490317"|"00000000000000262129"|"201705005128536"|"20170328"|"1"|"RB3A018643"|"MIMIJUMI-85306400202-Biberon Mimijumi Piccolo 120 ml"|"0000000001"|"0000026.86"
"#26335"|"24491317"|"00000000000000261459"|"201705005128807"|"20170328"|"1"|"RB3A013460"|"ELODIE DETAILS-103357-Cappellino Gilded Petrol 12-24m"|"0000000001"|"0000026.86"
"#26334"|"24492317"|"00000000000000261149"|"201705005128440"|"20170328"|"1"|"RB3A009738"|"HOBEA-4260329473459-Vestitino Cerimonia Noah 6-9 Mesi"|"0000000001"|"0000052.76"
"#26319"|"24493317"|"00000000000000261189"|"201705005127951"|"20170328"|"1"|"RB3A018642"|"LITTLELIFE-L10980-Zaino Littlelife 1-3 anni Minnie"|"0000000001"|"0000072.76"
"#26319"|"24493317"|"00000000000000261189"|"201705005127951"|"20170328"|"2"|"RB3A009819"|"FCTRY-GLSTA23-Occhiali da Sole Baby Rosa 0-2 anni"|"0000000001"|"0000072.76"
"#26305"|"24494317"|"00000000000000262139"|"201705005128537"|"20170328"|"1"|"RB3A018643"|"MIMIJUMI-85306400202-Biberon Mimijumi Piccolo 120 ml"|"0000000001"|"0000026.86"
"#26292"|"24495317"|"00000000000000262079"|"201705005128787"|"20170328"|"1"|"RB3A018640"|"LITTLELIFE-L10880-Zaino Littlelife 1-3 anni Coccodrillo"|"0000000001"|"0000042.80"
"#26291"|"24496317"|"00000000000000261399"|"201705005128753"|"20170328"|"1"|"RB3A012558"|"ELODIE DETAILS-103619-Borsa Fasciatoio Gilded Grey"|"0000000001"|"0000119.96"
"#26235"|"24497317"|"00000000000000261579"|"201705005128638"|"20170328"|"1"|"RB3A014260"|"TWISTSHAKE-78008-Biberon Anticolica 260ml Blu"|"0000000001"|"0000063.64"
"#26235"|"24497317"|"00000000000000261579"|"201705005128638"|"20170328"|"2"|"RB3A018139"|"ELODIE DETAILS-103044-CIUCCIO SWEET HONEY HARRY"|"0000000001"|"0000063.64"
"#26235"|"24497317"|"00000000000000261579"|"201705005128638"|"20170328"|"3"|"RB3A018140"|"ELODIE DETAILS-103045-CIUCCIO THE UGLY DUCKLING"|"0000000001"|"0000063.64"
"#26235"|"24497317"|"00000000000000261579"|"201705005128638"|"20170328"|"4"|"RB3A018150"|"ELODIE DETAILS-103153-CORDINO CIUCCIO THE UGLY DUCKLING"|"0000000001"|"0000063.64"
"#26235"|"24497317"|"00000000000000261579"|"201705005128638"|"20170328"|"5"|"RB3A017396"|"LITECUP-5060168240033-Bicchierone Che Si Illumina Blu"|"0000000001"|"0000063.64"
"#26228"|"24498317"|"00000000000000261939"|"201705005128721"|"20170328"|"1"|"RB3A018492"|"GLOBBER-IDD455-100-Monopattino Evo 5 in 1 - Blu Scuro"|"0000000001"|"0000123.46"
"#26191"|"24499317"|"00000000000000261079"|"201705005128405"|"20170328"|"1"|"RB3A018681"|"NEW BALANCE-NBFS996ALI-Scarpa New Balance Kids Lifestyle in Tessuto Sintetico Azzurro-9"|"0000000001"|"0000097.68"
"#26191"|"24499317"|"00000000000000261079"|"201705005128405"|"20170328"|"2"|"RB3A009610"|"HOBEA-4260329472865-Babbucce Aeroplano 24-30 Mesi"|"0000000001"|"0000097.68"
"#26191"|"24499317"|"00000000000000261079"|"201705005128405"|"20170328"|"3"|"RB3A009556"|"HOBEA-4260329471165-Babbucce Pesce 30-36 Mesi"|"0000000001"|"0000097.68"
"#26179"|"24500317"|"00000000000000261409"|"201705005128754"|"20170328"|"1"|"RB3A012558"|"ELODIE DETAILS-103619-Borsa Fasciatoio Gilded Grey"|"0000000001"|"0000128.86"
"#26178"|"24501317"|"00000000000000261169"|"201705005128430"|"20170328"|"1"|"RB3A013388"|"HOBEA-4057257002680-Babbucce Animali della foresta 6-12 mesi"|"0000000001"|"0000036.86"
"#26151"|"24502317"|"00000000000000261949"|"201705005128722"|"20170328"|"1"|"RB3A018492"|"GLOBBER-IDD455-100-Monopattino Evo 5 in 1 - Blu Scuro"|"0000000001"|"0000123.46"
"#26148"|"24503317"|"00000000000000261929"|"201705005128591"|"20170328"|"1"|"RB3A018205"|"ELODIE DETAILS-103849-CESTO CONTENITORE  PRETTY PETROL"|"0000000001"|"0000053.86"
"#26143"|"24504317"|"00000000000000261239"|"201705005128302"|"20170328"|"1"|"RB3A010120"|"ELODIE DETAILS-103770-Materassino da Passeggino DOT"|"0000000001"|"0000047.76"
"#26133"|"24505317"|"00000000000000261069"|"201705005128379"|"20170328"|"1"|"RB3A009547"|"HOBEA-4260329471073-Babbucce Rana 6-12 Mesi"|"0000000001"|"0000036.86"
"#26122"|"24506317"|"00000000000000261789"|"201705005128493"|"20170328"|"1"|"RB3A017537"|"LILIPUTI-2006004020004-Stretchy Wrap Elegance"|"0000000001"|"0000053.76"
"#26108"|"24507317"|"00000000000000261729"|"201705005128484"|"20170328"|"1"|"RB3A018138"|"ELODIE DETAILS-103043-CIUCCIO POWDER PINK"|"0000000001"|"0000037.78"
"#26108"|"24507317"|"00000000000000261729"|"201705005128484"|"20170328"|"2"|"RB3A018147"|"ELODIE DETAILS-103150-CORDINO CIUCCIO POWDER PINK"|"0000000001"|"0000037.78"
"#26108"|"24507317"|"00000000000000261729"|"201705005128484"|"20170328"|"3"|"RB3A015757"|"IIAMO-901-Set ciuccio e porta ciuccio rosa 0 e 6 mesi"|"0000000001"|"0000037.78"
"#26100"|"24508317"|"00000000000000262009"|"201705005128710"|"20170328"|"1"|"RB3A018496"|"GLOBBER-IDD455-110-Monopattino Evo 5 in 1 - Rosa"|"0000000001"|"0000123.46"
"#26091"|"24509317"|"00000000000000261999"|"201705005128677"|"20170328"|"1"|"RB3A018492"|"GLOBBER-IDD455-100-Monopattino Evo 5 in 1 - Blu Scuro"|"0000000001"|"0000232.42"
"#26091"|"24509317"|"00000000000000261999"|"201705005128677"|"20170328"|"2"|"RB3A018496"|"GLOBBER-IDD455-110-Monopattino Evo 5 in 1 - Rosa"|"0000000001"|"0000232.42"
"#26359"|"24510317"|"00000000000000261039"|"201705005127961"|"20170328"|"1"|"RB3A009465"|"ESTHEX-040753-Zaino Panda Pomme"|"0000000001"|"0000000.00"
"#26359"|"24510317"|"00000000000000261039"|"201705005127961"|"20170328"|"2"|"RB3A017876"|"PLAY e GO-Color_your_map-Sacco Portagiochi Da Colorare"|"0000000001"|"0000000.00"
"#26881"|"24511317"|"00000000000000261539"|"201705005128629"|"20170328"|"1"|"RB3A013853"|"BLADEeROSE-5060257466221-Leggings Red Daisy 1-2y"|"0000000001"|"0000000.00"
"#26881"|"24511317"|"00000000000000261539"|"201705005128629"|"20170328"|"2"|"RB3A013776"|"BLADEeROSE-5060257466177-Leggings Pineapple 1-2y"|"0000000001"|"0000000.00"
"#26881"|"24511317"|"00000000000000261539"|"201705005128629"|"20170328"|"3"|"RB3A013590"|"BLADEeROSE-5060257460069-Leggings Cupcake 1-2y"|"0000000001"|"0000000.00"
"#26880"|"24512317"|"00000000000000261599"|"201705005128680"|"20170328"|"1"|"RB3A014888"|"ROCKETBABY-RBP16330-Cesto Portagiochi Unicorno"|"0000000001"|"0000000.00"
"#26880"|"24512317"|"00000000000000261599"|"201705005128680"|"20170328"|"2"|"RB3A018394"|"A LITTLE LOVELY COMPANY-LTST045-Lucine LED Colorate Nuvolette"|"0000000001"|"0000000.00"
"#26880"|"24512317"|"00000000000000261599"|"201705005128680"|"20170328"|"3"|"RB3A016476"|"ROCKETBABY-RBP16361-Cesto Passeggino Coniglio"|"0000000001"|"0000000.00"
"#26869"|"24513317"|"00000000000000261529"|"201705005128620"|"20170328"|"1"|"RB3A013711"|"BLADEeROSE-5060257461714-Leggings Katie Kitten  2-3y"|"0000000001"|"0000000.00"
"#26869"|"24513317"|"00000000000000261529"|"201705005128620"|"20170328"|"2"|"RB3A013574"|"BLADEeROSE-5060257465781-Leggings Crazy Cat 2-3y"|"0000000001"|"0000000.00"
"#26869"|"24513317"|"00000000000000261529"|"201705005128620"|"20170328"|"3"|"RB3A013765"|"BLADEeROSE-5060257466139-Leggings Patty Pumpkin 2-3y"|"0000000002"|"0000000.00"
"#26821"|"24514317"|"00000000000000261389"|"201705005128261"|"20170328"|"1"|"RB3A012551"|"ROCKETBABY-RBP16340-Cappellino SnapBack Kid Rosso"|"0000000001"|"0000000.00"
"#26817"|"24515317"|"00000000000000261479"|"201705005128774"|"20170328"|"1"|"RB3A013590"|"BLADEeROSE-5060257460069-Leggings Cupcake 1-2y"|"0000000001"|"0000000.00"
"#26817"|"24515317"|"00000000000000261479"|"201705005128774"|"20170328"|"2"|"RB3A013710"|"BLADEeROSE-5060257461707-Leggings Katie Kitten  1-2y"|"0000000001"|"0000000.00"
"#26817"|"24515317"|"00000000000000261479"|"201705005128774"|"20170328"|"3"|"RB3A013589"|"BLADEeROSE-5060257460052-Leggings Cupcake 6-12m"|"0000000001"|"0000000.00"
"#26817"|"24515317"|"00000000000000261479"|"201705005128774"|"20170328"|"4"|"RB3A013572"|"BLADEeROSE-5060257465767-Leggings Crazy Cat 6-12m"|"0000000001"|"0000000.00"
"#26770"|"24516317"|"00000000000000261799"|"201705005128855"|"20170328"|"1"|"RB3A017752"|"YOOKIDOO-YKD40116-Flow 'n' Fill Spout"|"0000000001"|"0000000.00"
"#26356A"|"24517317"|"00000000000000262029"|"201705005128607"|"20170328"|"1"|"RB3A018637"|"LITTLELIFE-L10810-Zaino Littlelife 1-3 anni Nemo"|"0000000001"|"0000000.00"
"#26356A"|"24517317"|"00000000000000262029"|"201705005128607"|"20170328"|"2"|"RB3A018640"|"LITTLELIFE-L10880-Zaino Littlelife 1-3 anni Coccodrillo"|"0000000001"|"0000000.00"
"#26707"|"24518317"|"00000000000000261839"|"201705005128590"|"20170328"|"1"|"RB3A017875"|"PLAY e GO-Pink_Elephant-Sacco Portagiochi Elefanti Rosa"|"0000000001"|"0000000.00"
"#26667"|"24519317"|"00000000000000261849"|"201705005128587"|"20170328"|"1"|"RB3A017876"|"PLAY e GO-Color_your_map-Sacco Portagiochi Da Colorare"|"0000000001"|"0000000.00"
"#26629"|"24520317"|"00000000000000260889"|"201705005128170"|"20170328"|"1"|"RB2000Z2"|"Play e go-DIAMOND_GREEN-Sacco Portagiochi a Quadretti Bianco e Verde Chiaro"|"0000000001"|"0000000.00"
"#26629"|"24520317"|"00000000000000260889"|"201705005128170"|"20170328"|"2"|"RB3A008950"|"TYRRELL KATZ-Piatto giardino segreto"|"0000000001"|"0000000.00"
"#26629"|"24520317"|"00000000000000260889"|"201705005128170"|"20170328"|"3"|"RB3A009314"|"ROCKETBABY-RBP15100303-Cesto per Passeggino Riccio"|"0000000001"|"0000000.00"
"#26601"|"24521317"|"00000000000000261299"|"201705005128244"|"20170328"|"1"|"RB3A011907"|"PLAY e GO-flamingo-Sacco Portagiochi Flamingo"|"0000000001"|"0000000.00"
"#26601"|"24521317"|"00000000000000261299"|"201705005128244"|"20170328"|"2"|"RB3A013991"|"BLADEeROSE-5060257464128-Leggings Unicorn 1-2y"|"0000000001"|"0000000.00"
"#26601"|"24521317"|"00000000000000261299"|"201705005128244"|"20170328"|"3"|"RB3A013732"|"BLADEeROSE-5060257462131-Leggings Maddie Mouse 1-2y"|"0000000001"|"0000000.00"
"#26598"|"24522317"|"00000000000000261659"|"201705005128640"|"20170328"|"1"|"RB3A014990"|"PLAY e GO-Roadmap-Sacco Portagiochi Circuito"|"0000000001"|"0000000.00"
"#26500"|"24523317"|"00000000000000261089"|"201705005128377"|"20170328"|"1"|"RB3A009557"|"HOBEA-4260329471028-Babbucce Cuori Blu 6-12 Mesi"|"0000000001"|"0000000.00"
"#26481"|"24524317"|"00000000000000260859"|"201705005128823"|"20170328"|"1"|"RB200008"|"BABY ART-34120085-Cornice Primo Anno Bianco"|"0000000001"|"0000000.00"
"#26481"|"24524317"|"00000000000000260859"|"201705005128823"|"20170328"|"2"|"RB3A018639"|"LITTLELIFE-L10830-Zaino Littlelife 1-3 anni Dinosauro"|"0000000001"|"0000000.00"
"#26471"|"24525317"|"00000000000000261179"|"201705005128437"|"20170328"|"1"|"RB3A015232"|"HOBEA-4260194548627-Coperta Ovetto in Pile viola e lilla"|"0000000001"|"0000000.00"
"#26461"|"24526317"|"00000000000000261049"|"201705005128397"|"20170328"|"1"|"RB3A009501"|"HOBEA-4260329471660-Babbucce Leone Leo 30-36 Mesi"|"0000000001"|"0000000.00"
"#26461"|"24526317"|"00000000000000261049"|"201705005128397"|"20170328"|"2"|"RB3A009626"|"HOBEA-4260329476948-Babbucce Volpe 30-36 Mesi"|"0000000001"|"0000000.00"
"#26408"|"24527317"|"00000000000000262149"|"201705005128538"|"20170328"|"1"|"RB3A018643"|"MIMIJUMI-85306400202-Biberon Mimijumi Piccolo 120 ml"|"0000000001"|"0000000.00"
"#26366"|"24528317"|"00000000000000260869"|"201705005128077"|"20170328"|"1"|"RB3A017431"|"EFFII-5901832942634-Copetina Double-Face Conigli Grigi e Pois Rosa"|"0000000001"|"0000000.00"
"#26366"|"24528317"|"00000000000000260869"|"201705005128077"|"20170328"|"2"|"RB20003T"|"ELODIE DETAILS-103694-Copertina Pearl Velvet White Edition"|"0000000001"|"0000000.00"
"#26344"|"24529317"|"00000000000000261649"|"201705005128795"|"20170328"|"1"|"RB3A015742"|"IIAMO-703-Cartucce termiche per biberon autoriscaldante"|"0000000001"|"0000000.00"
"#26344"|"24529317"|"00000000000000261649"|"201705005128795"|"20170328"|"2"|"RB3A015741"|"IIAMO-108-Biberon Go bianco e blu"|"0000000001"|"0000000.00"
"#26344"|"24529317"|"00000000000000261649"|"201705005128795"|"20170328"|"3"|"RB3A014985"|"AQUASCALE-84231090-Vaschetta digitale con bilancia incorporata"|"0000000001"|"0000000.00"
"#26328"|"24530317"|"00000000000000261249"|"201705005128294"|"20170328"|"1"|"RB3A013429"|"ELODIE DETAILS-103504-Sacco Passeggino DOT"|"0000000001"|"0000000.00"
"#26328"|"24530317"|"00000000000000261249"|"201705005128294"|"20170328"|"2"|"RB3A010120"|"ELODIE DETAILS-103770-Materassino da Passeggino DOT"|"0000000001"|"0000000.00"
"#26325"|"24531317"|"00000000000000262109"|"201705005128534"|"20170328"|"1"|"RB3A018643"|"MIMIJUMI-85306400202-Biberon Mimijumi Piccolo 120 ml"|"0000000001"|"0000000.00"
"#26318"|"24532317"|"00000000000000260879"|"201705005128240"|"20170328"|"1"|"RB200062"|"ELODIE DETAILS-103413-Bavaglino Graphic Grace"|"0000000001"|"0000000.00"
"#26318"|"24532317"|"00000000000000260879"|"201705005128240"|"20170328"|"2"|"RB3A018397"|"A LITTLE LOVELY COMPANY-CUBE010-Cuscinetto Apina"|"0000000001"|"0000000.00"
"#26318"|"24532317"|"00000000000000260879"|"201705005128240"|"20170328"|"3"|"RB3A018391"|"A LITTLE LOVELY COMPANY-LTST050-Lucine LED Colorate Stelline Gialle"|"0000000001"|"0000000.00"
"#26318"|"24532317"|"00000000000000260879"|"201705005128240"|"20170328"|"4"|"RB3A018643"|"MIMIJUMI-85306400202-Biberon Mimijumi Piccolo 120 ml"|"0000000001"|"0000000.00"
"#26318"|"24532317"|"00000000000000260879"|"201705005128240"|"20170328"|"5"|"RB3A018640"|"LITTLELIFE-L10880-Zaino Littlelife 1-3 anni Coccodrillo"|"0000000001"|"0000000.00"
"#26318"|"24532317"|"00000000000000260879"|"201705005128240"|"20170328"|"6"|"RB3A009942"|"A LITTLE LOVELY COMPANY-WSLA004-Stickers da Muro: Love Always"|"0000000001"|"0000000.00"
"#26318"|"24532317"|"00000000000000260879"|"201705005128240"|"20170328"|"7"|"RB3A009925"|"A LITTLE LOVELY COMPANY-CUPE003-Cuscinetto Pinguino"|"0000000001"|"0000000.00"
"#26300"|"24533317"|"00000000000000261719"|"201705005128707"|"20170328"|"1"|"RB3A015747"|"IIAMO-401-Beccuccio per biberon autoriscaldante bianco"|"0000000001"|"0000000.00"
"#26300"|"24533317"|"00000000000000261719"|"201705005128707"|"20170328"|"2"|"RB3A015742"|"IIAMO-703-Cartucce termiche per biberon autoriscaldante"|"0000000001"|"0000000.00"
"#26266"|"24534317"|"00000000000000261279"|"201705005128366"|"20170328"|"1"|"RB3A010946"|"KUK-MS006-Occhiali da Sole Minisquids Argento"|"0000000001"|"0000000.00"
"#26266"|"24534317"|"00000000000000261279"|"201705005128366"|"20170328"|"2"|"RB3A011582"|"LASSIG-LSFSUSU300-00-OCCHIALI DA SPIAGGIA NAVY"|"0000000001"|"0000000.00"
"#26219"|"24535317"|"00000000000000261959"|"201705005128723"|"20170328"|"1"|"RB3A018492"|"GLOBBER-IDD455-100-Monopattino Evo 5 in 1 - Blu Scuro"|"0000000001"|"0000000.00"
"#26165"|"24536317"|"00000000000000260899"|"201705005128279"|"20170328"|"1"|"RB3A009314"|"ROCKETBABY-RBP15100303-Cesto per Passeggino Riccio"|"0000000001"|"0000000.00"
"#26165"|"24536317"|"00000000000000260899"|"201705005128279"|"20170328"|"2"|"RB3A014102"|"NIKE-454501-PICO 4 (TDV) NERA 7C-EU23.5"|"0000000001"|"0000000.00"
"#26165"|"24536317"|"00000000000000260899"|"201705005128279"|"20170328"|"3"|"RB2000Z2"|"Play e go-DIAMOND_GREEN-Sacco Portagiochi a Quadretti Bianco e Verde Chiaro"|"0000000001"|"0000000.00"
"#26165"|"24536317"|"00000000000000260899"|"201705005128279"|"20170328"|"4"|"RB3A011907"|"PLAY e GO-flamingo-Sacco Portagiochi Flamingo"|"0000000002"|"0000000.00"
"#26165"|"24536317"|"00000000000000260899"|"201705005128279"|"20170328"|"5"|"RB3A010094"|"PLAY e GO-diamonds_blue-Sacco Portagiochi a Quadretti Bianco e Blu"|"0000000001"|"0000000.00"
"#26146"|"24537317"|"00000000000000261979"|"201705005128685"|"20170328"|"1"|"RB3A018495"|"GLOBBER-IDD455-106-Monopattino Evo 5 in 1 - Verde"|"0000000001"|"0000000.00"
"#26145"|"24538317"|"00000000000000261199"|"201705005128619"|"20170328"|"1"|"RB3A017752"|"YOOKIDOO-YKD40116-Flow 'n' Fill Spout"|"0000000001"|"0000000.00"
"#26145"|"24538317"|"00000000000000261199"|"201705005128619"|"20170328"|"2"|"RB3A009819"|"FCTRY-GLSTA23-Occhiali da Sole Baby Rosa 0-2 anni"|"0000000001"|"0000000.00"
"#26139"|"24539317"|"00000000000000261209"|"201705005128636"|"20170328"|"1"|"RB3A009821"|"FCTRY-GLSTA25-Occhiali da Sole Baby Gialli 0-2 anni"|"0000000001"|"0000000.00"
"#26139"|"24539317"|"00000000000000261209"|"201705005128636"|"20170328"|"2"|"RB3A017752"|"YOOKIDOO-YKD40116-Flow 'n' Fill Spout"|"0000000001"|"0000000.00"
"#26127"|"24540317"|"00000000000000261439"|"201705005128159"|"20170328"|"1"|"RB3A012778"|"BAGHERA-LPN878-Macchinina Speedster Plane"|"0000000001"|"0000000.00"
"#26088"|"24541317"|"00000000000000261449"|"201705005128736"|"20170328"|"1"|"RB3A013435"|"ELODIE DETAILS-103615-Borsa Fasciatoio Woodland Green"|"0000000001"|"0000000.00"
"#26027"|"24542317"|"00000000000000261829"|"201705005128849"|"20170328"|"1"|"RB3A017759"|"YOOKIDOO-YKD40139-Submarine Spray Station"|"0000000001"|"0000000.00"
"#26876"|"24543317"|"00000000000000261009"|"201705005128001"|"20170328"|"1"|"RB3A013465"|"ELODIE DETAILS-103362-Cappellino Gilded Pink 24-36m"|"0000000001"|"0000000.00"
"#26876"|"24543317"|"00000000000000261009"|"201705005128001"|"20170328"|"2"|"RB3A013463"|"ELODIE DETAILS-103360-Cappellino Gilded Pink 6-12m"|"0000000001"|"0000000.00"
"#26876"|"24543317"|"00000000000000261009"|"201705005128001"|"20170328"|"3"|"RB3A009314"|"ROCKETBABY-RBP15100303-Cesto per Passeggino Riccio"|"0000000001"|"0000000.00"
"#26864"|"24544317"|"00000000000000261219"|"201705005128555"|"20170328"|"1"|"RB3A009916"|"A LITTLE LOVELY COMPANY-LTIW007-Lampada Grande Gelato Panna"|"0000000001"|"0000000.00"
"#26861"|"24545317"|"00000000000000260999"|"201705005128161"|"20170328"|"1"|"RB3A009313"|"ROCKETBABY-RBP15100302-Cesto per Passeggino Elefante Verde"|"0000000001"|"0000000.00"
"#26861"|"24545317"|"00000000000000260999"|"201705005128161"|"20170328"|"2"|"RB3A009314"|"ROCKETBABY-RBP15100303-Cesto per Passeggino Riccio"|"0000000001"|"0000000.00"
"#26855"|"24546317"|"00000000000000261739"|"201705005128487"|"20170328"|"1"|"RB3A016476"|"ROCKETBABY-RBP16361-Cesto Passeggino Coniglio"|"0000000001"|"0000000.00"
"#26843"|"24547317"|"00000000000000261589"|"201705005128647"|"20170328"|"1"|"RB3A014885"|"ROCKETBABY-RBP16348-Sacco Nanna Balena Rosa"|"0000000001"|"0000000.00"
"#26839"|"24548317"|"00000000000000261229"|"201705005128311"|"20170328"|"1"|"RB3A010095"|"PLAY e GO-diamonds_grey-Sacco Portagiochi a Quadretti Bianco e Grigio"|"0000000001"|"0000000.00"
"#26827"|"24549317"|"00000000000000261749"|"201705005128489"|"20170328"|"1"|"RB3A016481"|"A LITTLE LOVELY COMPANY-neon04-Luce Al Neon Nuvola Blu"|"0000000001"|"0000000.00"
"#26826"|"24550317"|"00000000000000261629"|"201705005128876"|"20170328"|"1"|"RB3A014985"|"AQUASCALE-84231090-Vaschetta digitale con bilancia incorporata"|"0000000001"|"0000000.00"
"#26710A"|"24551317"|"00000000000000260989"|""|"20170328"|"1"|"RB3A008970"|"TYRRELL KATZ-Bicchiere con manici motori"|"0000000001"|"0000000.00"
"#26710A"|"24551317"|"00000000000000260989"|""|"20170328"|"2"|"RB3A008977"|"TYRRELL KATZ-Posate dinosauri"|"0000000001"|"0000000.00"
"#26710A"|"24551317"|"00000000000000260989"|""|"20170328"|"3"|"RB3A008983"|"TYRRELL KATZ-Vassoio con scomparti dinosauri"|"0000000001"|"0000000.00"
"#25550A"|"24552317"|"00000000000000261059"|"201705005127946"|"20170328"|"1"|"RB3A009545"|"HOBEA-4260329471509-Babbucce Lumaca 24-30 Mesi"|"0000000001"|"0000000.00"
"#26712"|"24553317"|"00000000000000261019"|"201705005127984"|"20170328"|"1"|"RB3A009365"|"ELODIE DETAILS-103898-Ciuccio Silver Edition"|"0000000001"|"0000000.00"
"#26712"|"24553317"|"00000000000000261019"|"201705005127984"|"20170328"|"2"|"RB3A018151"|"ELODIE DETAILS-103154-CORDINO CIUCCIO PRECIOUS PREPPY"|"0000000001"|"0000000.00"
"#26712"|"24553317"|"00000000000000261019"|"201705005127984"|"20170328"|"3"|"RB3A018171"|"ELODIE DETAILS-103462-BAVAGLINO  PIERROT BIANCO VANIGLIA"|"0000000002"|"0000000.00"
"#26660"|"24554317"|"00000000000000261809"|"201705005128856"|"20170328"|"1"|"RB3A017752"|"YOOKIDOO-YKD40116-Flow 'n' Fill Spout"|"0000000001"|"0000000.00"
"#26602"|"24555317"|"00000000000000261109"|"201705005128423"|"20170328"|"1"|"RB3A009622"|"HOBEA-4260329476900-Babbucce Volpe 6-12 Mesi"|"0000000001"|"0000000.00"
"#26557"|"24556317"|"00000000000000262059"|"201705005128813"|"20170328"|"1"|"RB3A018639"|"LITTLELIFE-L10830-Zaino Littlelife 1-3 anni Dinosauro"|"0000000001"|"0000000.00"
"#26555"|"24557317"|"00000000000000261359"|"201705005128585"|"20170328"|"1"|"RB3A017759"|"YOOKIDOO-YKD40139-Submarine Spray Station"|"0000000001"|"0000000.00"
"#26555"|"24557317"|"00000000000000261359"|"201705005128585"|"20170328"|"2"|"RB3A012347"|"CUPCAKE BABIES-VDBB05-Cappello Anti Schiuma Blu"|"0000000001"|"0000000.00"
"#26555"|"24557317"|"00000000000000261359"|"201705005128585"|"20170328"|"3"|"RB3A013443"|"ELODIE DETAILS-103667-Trousse ZipeGo DOT"|"0000000001"|"0000000.00"
"#26536"|"24558317"|"00000000000000262049"|"201705005128816"|"20170328"|"1"|"RB3A018638"|"LITTLELIFE-L10820-Zaino Littlelife 1-3 anni Giraffa"|"0000000001"|"0000000.00"
"#26530"|"24559317"|"00000000000000262099"|"201705005128810"|"20170328"|"1"|"RB3A018641"|"LITTLELIFE-L10930-Zaino Littlelife 1-3 anni Topolino"|"0000000001"|"0000000.00"
"#26529"|"24560317"|"00000000000000261159"|"201705005128415"|"20170328"|"1"|"RB3A013378"|"HOBEA-4057257002574-Babbucce Uccellini 6-12 mesi"|"0000000001"|"0000000.00"
"#26527"|"24561317"|"00000000000000261989"|"201705005128684"|"20170328"|"1"|"RB3A018495"|"GLOBBER-IDD455-106-Monopattino Evo 5 in 1 - Verde"|"0000000001"|"0000000.00"
"#26519"|"24562317"|"00000000000000261349"|"201705005128201"|"20170328"|"1"|"RB3A012393"|"ZOLI-ZL-BF10PP0301-SUMO Snack Dispenser tre colori"|"0000000001"|"0000000.00"
"#26519"|"24562317"|"00000000000000261349"|"201705005128201"|"20170328"|"2"|"RB3A012839"|"BROTHER MAX-71183BG2-Borraccia 2 drink in 1 blu e verde"|"0000000001"|"0000000.00"
"#26519"|"24562317"|"00000000000000261349"|"201705005128201"|"20170328"|"3"|"RB3A012316"|"ZOLI-ZL-BF14WBG012-SQUEAK 350ml Water Bottle verde"|"0000000001"|"0000000.00"
"#26519"|"24562317"|"00000000000000261349"|"201705005128201"|"20170328"|"4"|"RB3A013614"|"BLADEeROSE-5060257462933-Socks Danny Dino 1-2y"|"0000000001"|"0000000.00"
"#26519"|"24562317"|"00000000000000261349"|"201705005128201"|"20170328"|"5"|"RB3A017486"|"EFFII-5901832944638-Cuscino Luna Blu S"|"0000000001"|"0000000.00"
"#26519"|"24562317"|"00000000000000261349"|"201705005128201"|"20170328"|"6"|"RB3A017403"|"LITECUP-5060168240316-Bicchierone Che Si Illumina Verde Acido"|"0000000001"|"0000000.00"
"#26519"|"24562317"|"00000000000000261349"|"201705005128201"|"20170328"|"7"|"RB3A018677"|"NEW BALANCE-NBFS996ALI-Scarpa New Balance Kids Lifestyle in Tessuto Sintetico Azzurro-5"|"0000000001"|"0000000.00"
"#26519"|"24562317"|"00000000000000261349"|"201705005128201"|"20170328"|"8"|"RB3A018697"|"NEW BALANCE-NBKV574WTI-Scarpa New Balance Kids Lifestyle in Pelle Grigio/Azzurro-4"|"0000000001"|"0000000.00"
"#26507"|"24563317"|"00000000000000260939"|"201705005128032"|"20170328"|"1"|"RB3A017493"|"BOON-B10124A-Cucchiaio Dispenser Per La Pappa Arancio"|"0000000001"|"0000000.00"
"#26507"|"24563317"|"00000000000000260939"|"201705005128032"|"20170328"|"2"|"RB3A007889"|"LIMOBASICS-09509R_BLN_74-80-Culotte bianco BLN"|"0000000001"|"0000000.00"
"#26507"|"24563317"|"00000000000000260939"|"201705005128032"|"20170328"|"3"|"RB3A007846"|"LIMOBASICS-09509R_LIL_62-68-Culotte lilla LIL"|"0000000001"|"0000000.00"
"#26507"|"24563317"|"00000000000000260939"|"201705005128032"|"20170328"|"4"|"RB3A007877"|"LIMOBASICS-09509R_STO_74-80-Culotte beige STO"|"0000000001"|"0000000.00"
"#26507"|"24563317"|"00000000000000260939"|"201705005128032"|"20170328"|"5"|"RB3A018554"|"LIMOBASICS-51772R_BMA_74-80-Canottierina a Striscie Limobasics Rosa e Fucsia-74-80 cm"|"0000000001"|"0000000.00"
"#26504"|"24564317"|"00000000000000261129"|"201705005128418"|"20170328"|"1"|"RB3A009704"|"HOBEA-4057257000631-Babbucce Principessa 18-24 Mesi"|"0000000001"|"0000000.00"
"#26496"|"24565317"|"00000000000000261099"|"201705005128373"|"20170328"|"1"|"RB3A009573"|"HOBEA-4260329473145-Babbucce Topolino 12-18 Mesi"|"0000000001"|"0000000.00"
"#26490"|"24566317"|"00000000000000261029"|"201705005127973"|"20170328"|"1"|"RB3A009400"|"ELODIE DETAILS-103138-Cordoncino Ciuccio - Diamante LOVE"|"0000000001"|"0000000.00"
"#26490"|"24566317"|"00000000000000261029"|"201705005127973"|"20170328"|"2"|"RB3A009390"|"ELODIE DETAILS-103134-Cordoncino Ciuccio - Apple of my eye"|"0000000001"|"0000000.00"
"#26490"|"24566317"|"00000000000000261029"|"201705005127973"|"20170328"|"3"|"RB3A009388"|"ELODIE DETAILS-103143-Cordoncino Ciuccio - Piuma LOVE"|"0000000001"|"0000000.00"
"#26490"|"24566317"|"00000000000000261029"|"201705005127973"|"20170328"|"4"|"RB3A009901"|"A LITTLE LOVELY COMPANY-LTCW025-Lampada Mini Nuvoletta Bianca"|"0000000001"|"0000000.00"
"#26490"|"24566317"|"00000000000000261029"|"201705005127973"|"20170328"|"5"|"RB3A012348"|"CUPCAKE BABIES-VDBJ09-Cappello Anti Schiuma Gialla"|"0000000001"|"0000000.00"
"#26475"|"24567317"|"00000000000000260959"|"201705005127992"|"20170328"|"1"|"RB3A007885"|"LIMOBASICS-09509R_GRI_62-68-Culotte grigio chiaro GRI"|"0000000001"|"0000000.00"
"#26475"|"24567317"|"00000000000000260959"|"201705005127992"|"20170328"|"2"|"RB3A018569"|"LIMOBASICS-54526R_VIN_62-68-Pagliaccetto Limobasics Rosa Vintage-62-68 cm"|"0000000001"|"0000000.00"
"#26475"|"24567317"|"00000000000000260959"|"201705005127992"|"20170328"|"3"|"RB3A018572"|"LIMOBASICS-54526R_MOS_62-68-Pagliaccetto Limobasics Verde Bottiglia-62-68 cm"|"0000000001"|"0000000.00"
"#26409"|"24568317"|"00000000000000261289"|"201705005128253"|"20170328"|"1"|"RB3A011136"|"ROCKETBABY-RBP16305-Cesto Contenitore ZigZag Rosso"|"0000000001"|"0000000.00"
"#26409"|"24568317"|"00000000000000261289"|"201705005128253"|"20170328"|"2"|"RB3A017875"|"PLAY e GO-Pink_Elephant-Sacco Portagiochi Elefanti Rosa"|"0000000001"|"0000000.00"
"#26402"|"24569317"|"00000000000000261669"|"201705005128641"|"20170328"|"1"|"RB3A014990"|"PLAY e GO-Roadmap-Sacco Portagiochi Circuito"|"0000000001"|"0000000.00"
"#26393"|"24570317"|"00000000000000261369"|"201705005128547"|"20170328"|"1"|"RB3A017759"|"YOOKIDOO-YKD40139-Submarine Spray Station"|"0000000001"|"0000000.00"
"#26393"|"24570317"|"00000000000000261369"|"201705005128547"|"20170328"|"2"|"RB3A012428"|"TOTSEAT-TOTSZES-Seggiolone da viaggio compact Grigio"|"0000000001"|"0000000.00"
"#26393"|"24570317"|"00000000000000261369"|"201705005128547"|"20170328"|"3"|"RB3A018674"|"NUM NUM-NUM100-Num Num Set 2 Cucchiai"|"0000000002"|"0000000.00"
"#26332"|"24571317"|"00000000000000261709"|"201705005128705"|"20170328"|"1"|"RB3A015742"|"IIAMO-703-Cartucce termiche per biberon autoriscaldante"|"0000000001"|"0000000.00"
"#26332"|"24571317"|"00000000000000261709"|"201705005128705"|"20170328"|"2"|"RB3A015741"|"IIAMO-108-Biberon Go bianco e blu"|"0000000001"|"0000000.00"
"#26282"|"24572317"|"00000000000000262089"|"201705005128788"|"20170328"|"1"|"RB3A018640"|"LITTLELIFE-L10880-Zaino Littlelife 1-3 anni Coccodrillo"|"0000000001"|"0000000.00"
"#26267"|"24573317"|"00000000000000261769"|"201705005128496"|"20170328"|"1"|"RB3A017481"|"EFFII-5901832940906-Cuscino Allattamento Luna Bianco XXL"|"0000000001"|"0000000.00"
"#26267"|"24573317"|"00000000000000261769"|"201705005128496"|"20170328"|"2"|"RB3A018643"|"MIMIJUMI-85306400202-Biberon Mimijumi Piccolo 120 ml"|"0000000001"|"0000000.00"
"#26216"|"24574317"|"00000000000000261419"|"201705005128755"|"20170328"|"1"|"RB3A012558"|"ELODIE DETAILS-103619-Borsa Fasciatoio Gilded Grey"|"0000000001"|"0000000.00"
"#26209"|"24575317"|"00000000000000261759"|"201705005128847"|"20170328"|"1"|"RB3A017759"|"YOOKIDOO-YKD40139-Submarine Spray Station"|"0000000001"|"0000000.00"
"#26209"|"24575317"|"00000000000000261759"|"201705005128847"|"20170328"|"2"|"RB3A017396"|"LITECUP-5060168240033-Bicchierone Che Si Illumina Blu"|"0000000002"|"0000000.00"
"#26209"|"24575317"|"00000000000000261759"|"201705005128847"|"20170328"|"3"|"RB3A018610"|"BOON-B11177-Pulp Mangiafrutta Dentaruolo Arancione e Azzurro"|"0000000001"|"0000000.00"
"#26166"|"24576317"|"00000000000000261699"|"201705005128693"|"20170328"|"1"|"RB3A017492"|"BOON-B10123A-Cucchiaio Dispenser Per La Pappa Verde"|"0000000001"|"0000000.00"
"#26166"|"24576317"|"00000000000000261699"|"201705005128693"|"20170328"|"2"|"RB3A015742"|"IIAMO-703-Cartucce termiche per biberon autoriscaldante"|"0000000002"|"0000000.00"
"#26166"|"24576317"|"00000000000000261699"|"201705005128693"|"20170328"|"3"|"RB3A015738"|"IIAMO-105-Biberon Go bianco e rosa"|"0000000001"|"0000000.00"
"#26134"|"24577317"|"00000000000000261879"|"201705005128826"|"20170328"|"1"|"RB3A018171"|"ELODIE DETAILS-103462-BAVAGLINO  PIERROT BIANCO VANIGLIA"|"0000000001"|"0000000.00"
"#26134"|"24577317"|"00000000000000261879"|"201705005128826"|"20170328"|"2"|"RB3A018151"|"ELODIE DETAILS-103154-CORDINO CIUCCIO PRECIOUS PREPPY"|"0000000001"|"0000000.00"
"#26134"|"24577317"|"00000000000000261879"|"201705005128826"|"20170328"|"3"|"RB3A018167"|"ELODIE DETAILS-103449-BAVAGLINO BANDANA PRECIOUS PREPPY"|"0000000001"|"0000000.00"
"#26121"|"24578317"|"00000000000000260909"|"201705005128181"|"20170328"|"1"|"RB2000Z2"|"Play e go-DIAMOND_GREEN-Sacco Portagiochi a Quadretti Bianco e Verde Chiaro"|"0000000001"|"0000000.00"
"#26065"|"24579317"|"00000000000000260929"|"201705005128218"|"20170328"|"1"|"RB3A007768"|"SPUGNOTTO-Spugnotto Giallo e Rosa"|"0000000001"|"0000000.00"
"#26065"|"24579317"|"00000000000000260929"|"201705005128218"|"20170328"|"2"|"RB3A017487"|"EFFII-5901832944676-Cuscino Allattamento Luna Cipria XXL"|"0000000001"|"0000000.00"
"#26044"|"24580317"|"00000000000000261779"|"201705005128498"|"20170328"|"1"|"RB3A017523"|"LILIPUTI-2006003010143-Marsupio Mei Tai Skully"|"0000000001"|"0000000.00"
"#26034"|"24581317"|"00000000000000261969"|""|"20170328"|"1"|"RB3A018492"|"GLOBBER-IDD455-100-Monopattino Evo 5 in 1 - Blu Scuro"|"0000000001"|"0000000.00"
"#25312"|"24582317"|"00000000000000261859"|"201705005128839"|"20170328"|"1"|"RB3A018141"|"ELODIE DETAILS-103085-CIUCCIO HAPPINESS IS BORN"|"0000000001"|"0000000.00"
"#26472"|"24583317"|"00000000000000262039"|"201705005128596"|"20170328"|"1"|"RB3A018637"|"LITTLELIFE-L10810-Zaino Littlelife 1-3 anni Nemo"|"0000000001"|"0000000.00"
"#25612"|"24584317"|"00000000000000261269"|"201705005128367"|"20170328"|"2"|"RB3A010944"|"KUK-MS004-Occhiali da Sole Minisquids Azzurri"|"0000000001"|"0000000.00"
"#25920"|"24585317"|"00000000000000262019"|"201705005128611"|"20170328"|"1"|"RB3A018581"|"LIMOBASICS-57525S_DEN_62-68-Tutina senza Maniche Vintage Limobasics Denim-62-68 cm"|"0000000001"|"0000000.00"
"#25989"|"24586317"|"00000000000000261919"|"201705005128602"|"20170328"|"6"|"RB3A018196"|"ELODIE DETAILS-103785-MATERASSINO DA PASSEGGINO GRAPHIC DEVOTION"|"0000000001"|"0000000.00"
"#25413"|"24587317"|"00000000000000261889"|"201705005128830"|"20170328"|"3"|"RB3A018151"|"ELODIE DETAILS-103154-CORDINO CIUCCIO PRECIOUS PREPPY"|"0000000001"|"0000000.00"
"#25325"|"24588317"|"00000000000000261869"|"201705005128840"|"20170328"|"5"|"RB3A018141"|"ELODIE DETAILS-103085-CIUCCIO HAPPINESS IS BORN"|"0000000001"|"0000000.00"
"#25318"|"24589317"|"00000000000000261899"|"201705005128831"|"20170328"|"2"|"RB3A018151"|"ELODIE DETAILS-103154-CORDINO CIUCCIO PRECIOUS PREPPY"|"0000000001"|"0000000.00"
